code_module,code_presentation,id_student,date_registration,date_unregistration
CCC,2014J,23698,-110,
CCC,2014J,25261,-114,51
CCC,2014J,27116,-156,
CCC,2014J,28787,-29,
CCC,2014J,28952,-50,12
CCC,2014J,29411,-135,100
CCC,2014J,29420,-14,
CCC,2014J,29639,-24,
CCC,2014J,30096,-22,
CCC,2014J,30850,-56,
CCC,2014J,31161,-43,
CCC,2014J,34068,-74,108
CCC,2014J,35355,-25,199
CCC,2014J,35508,-44,
CCC,2014J,37652,-11,
CCC,2014J,42746,-108,
CCC,2014J,46705,-61,
CCC,2014J,48635,-8,12
CCC,2014J,51576,-85,73
CCC,2014J,53300,-24,
CCC,2014J,54062,-67,110
CCC,2014J,60809,-24,
CCC,2014J,61227,-38,
CCC,2014J,61236,-23,69
CCC,2014J,63371,-32,
CCC,2014J,67685,-137,-4
CCC,2014J,69494,-25,177
CCC,2014J,70214,-17,33
CCC,2014J,70495,-52,
CCC,2014J,71723,-65,
CCC,2014J,72609,-23,
CCC,2014J,73664,-88,60
CCC,2014J,74290,-124,53
CCC,2014J,76949,-37,
CCC,2014J,79461,-16,
CCC,2014J,80243,-150,12
CCC,2014J,80329,-14,
CCC,2014J,80491,-58,198
CCC,2014J,80868,-60,
CCC,2014J,88758,-29,-8
CCC,2014J,91040,-108,230
CCC,2014J,94978,-143,111
CCC,2014J,96864,-15,72
CCC,2014J,96874,-36,
CCC,2014J,100788,-103,
CCC,2014J,101700,-49,-25
CCC,2014J,102209,-57,109
CCC,2014J,104480,-121,
CCC,2014J,105168,-18,
CCC,2014J,105413,-43,
CCC,2014J,107883,-82,68
CCC,2014J,109577,-50,
CCC,2014J,112454,-123,
CCC,2014J,114367,-51,
CCC,2014J,119310,-30,25
CCC,2014J,120236,-3,
CCC,2014J,123598,-28,
CCC,2014J,124711,-155,54
CCC,2014J,125777,-29,87
CCC,2014J,126812,-46,111
CCC,2014J,128072,-15,73
CCC,2014J,128510,-156,
CCC,2014J,129198,37,173
CCC,2014J,130671,-150,34
CCC,2014J,131222,-143,
CCC,2014J,131663,-18,
CCC,2014J,131933,-64,
CCC,2014J,132423,-45,12
CCC,2014J,133419,-14,125
CCC,2014J,134190,-70,32
CCC,2014J,134982,-24,25
CCC,2014J,136335,-25,217
CCC,2014J,137281,-129,
CCC,2014J,138861,-12,
CCC,2014J,138997,-116,
CCC,2014J,142092,-94,
CCC,2014J,144745,-51,
CCC,2014J,145114,-130,
CCC,2014J,145490,-15,
CCC,2014J,145640,-74,
CCC,2014J,152626,-154,9
CCC,2014J,153788,-137,-106
CCC,2014J,155298,-67,
CCC,2014J,155956,-31,
CCC,2014J,157310,-150,-5
CCC,2014J,160536,-31,
CCC,2014J,161781,-38,72
CCC,2014J,163067,-149,12
CCC,2014J,164968,-18,
CCC,2014J,165647,-78,
CCC,2014J,165733,-57,160
CCC,2014J,169297,-38,162
CCC,2014J,170030,-60,
CCC,2014J,171896,-134,84
CCC,2014J,175638,-43,
CCC,2014J,178072,-9,
CCC,2014J,181861,-142,
CCC,2014J,182854,-14,
CCC,2014J,185057,-31,34
CCC,2014J,185127,-61,
CCC,2014J,185451,-89,145
CCC,2014J,188251,-9,
CCC,2014J,188273,-68,
CCC,2014J,188662,-38,
CCC,2014J,190780,-87,75
CCC,2014J,196189,-74,
CCC,2014J,199261,-52,97
CCC,2014J,199361,-80,
CCC,2014J,199760,-15,
CCC,2014J,200372,-75,111
CCC,2014J,201425,-115,
CCC,2014J,205218,-120,-113
CCC,2014J,232072,-31,
CCC,2014J,233444,-44,187
CCC,2014J,234957,-99,109
CCC,2014J,235121,-11,139
CCC,2014J,238255,-155,118
CCC,2014J,240486,-61,
CCC,2014J,242636,-109,
CCC,2014J,242778,-28,
CCC,2014J,243358,-57,
CCC,2014J,244738,-135,
CCC,2014J,245217,-18,
CCC,2014J,245600,19,
CCC,2014J,246829,-81,158
CCC,2014J,247304,-89,
CCC,2014J,248818,-115,27
CCC,2014J,253013,-29,
CCC,2014J,253496,-4,207
CCC,2014J,256532,-41,
CCC,2014J,256680,-53,68
CCC,2014J,256867,-10,
CCC,2014J,257887,-45,
CCC,2014J,258042,-22,31
CCC,2014J,259641,-101,
CCC,2014J,260062,-87,111
CCC,2014J,261160,-5,157
CCC,2014J,262385,-61,
CCC,2014J,263150,-22,12
CCC,2014J,264151,-103,
CCC,2014J,264715,-99,
CCC,2014J,264723,-150,74
CCC,2014J,264845,-15,
CCC,2014J,266097,-8,69
CCC,2014J,266558,-21,
CCC,2014J,267619,-11,
CCC,2014J,268018,-15,
CCC,2014J,269388,-130,
CCC,2014J,271526,-144,32
CCC,2014J,275297,-38,
CCC,2014J,275711,-115,
CCC,2014J,275882,-23,
CCC,2014J,278413,-28,27
CCC,2014J,278600,-15,12
CCC,2014J,279879,-93,60
CCC,2014J,279883,-25,12
CCC,2014J,283618,-15,108
CCC,2014J,284095,-53,
CCC,2014J,284741,-124,-10
CCC,2014J,285412,-108,9
CCC,2014J,285637,-30,158
CCC,2014J,286658,-67,
CCC,2014J,287897,-94,-11
CCC,2014J,289397,-121,
CCC,2014J,290043,-100,
CCC,2014J,291156,-130,135
CCC,2014J,291674,-9,
CCC,2014J,293162,-92,
CCC,2014J,293321,-30,10
CCC,2014J,293686,-22,
CCC,2014J,294112,-28,
CCC,2014J,296222,-86,-4
CCC,2014J,296725,-73,
CCC,2014J,297166,-25,
CCC,2014J,298777,-84,-3
CCC,2014J,300611,-73,
CCC,2014J,301681,-115,-36
CCC,2014J,303218,-15,
CCC,2014J,305036,-21,72
CCC,2014J,306202,-81,
CCC,2014J,307297,-15,32
CCC,2014J,307789,-35,-11
CCC,2014J,308953,-17,
CCC,2014J,310280,-128,
CCC,2014J,310765,-108,
CCC,2014J,311332,-50,
CCC,2014J,311862,-23,
CCC,2014J,312061,-29,
CCC,2014J,314555,-124,-64
CCC,2014J,314956,-107,
CCC,2014J,316091,-46,
CCC,2014J,316454,-84,12
CCC,2014J,317801,-130,
CCC,2014J,319035,-46,-17
CCC,2014J,319492,-53,150
CCC,2014J,320153,-22,38
CCC,2014J,322499,-32,61
CCC,2014J,322641,-120,
CCC,2014J,322844,-53,166
CCC,2014J,322907,-31,
CCC,2014J,324338,-25,116
CCC,2014J,324440,-70,-44
CCC,2014J,325497,-32,12
CCC,2014J,325518,-14,12
CCC,2014J,327057,-51,
CCC,2014J,328123,-150,
CCC,2014J,328674,-16,
CCC,2014J,329455,-56,16
CCC,2014J,330453,-23,
CCC,2014J,330952,-86,48
CCC,2014J,330966,-14,138
CCC,2014J,331622,-22,-3
CCC,2014J,332436,-121,
CCC,2014J,334154,-103,
CCC,2014J,334225,-140,
CCC,2014J,335401,-35,54
CCC,2014J,335405,-74,
CCC,2014J,335914,-14,137
CCC,2014J,336014,-28,139
CCC,2014J,336131,-18,
CCC,2014J,336695,-87,
CCC,2014J,336772,-122,
CCC,2014J,338731,-29,
CCC,2014J,338983,-50,207
CCC,2014J,339235,-31,
CCC,2014J,339824,-22,167
CCC,2014J,340010,-36,
CCC,2014J,341361,-110,43
CCC,2014J,342799,-24,
CCC,2014J,344740,-36,-4
CCC,2014J,347809,-51,
CCC,2014J,348351,-50,
CCC,2014J,348783,-79,
CCC,2014J,348855,-21,
CCC,2014J,349093,-24,
CCC,2014J,350267,23,159
CCC,2014J,350929,-114,9
CCC,2014J,351903,-16,114
CCC,2014J,352637,-44,
CCC,2014J,353660,-14,44
CCC,2014J,353804,-99,60
CCC,2014J,354688,-7,
CCC,2014J,355935,-23,
CCC,2014J,356297,-95,
CCC,2014J,356523,-29,
CCC,2014J,357820,-155,12
CCC,2014J,358075,-60,
CCC,2014J,358578,-21,72
CCC,2014J,359657,-22,10
CCC,2014J,359958,-10,
CCC,2014J,360483,-41,16
CCC,2014J,362140,-67,
CCC,2014J,362548,-74,
CCC,2014J,364066,-142,-36
CCC,2014J,364103,-59,
CCC,2014J,365661,-32,
CCC,2014J,365701,-78,
CCC,2014J,366164,-44,201
CCC,2014J,366367,-74,
CCC,2014J,366873,-18,
CCC,2014J,367352,-52,
CCC,2014J,367510,-16,37
CCC,2014J,367815,-155,123
CCC,2014J,368436,-74,
CCC,2014J,369208,-128,
CCC,2014J,369242,-72,33
CCC,2014J,369610,-38,
CCC,2014J,370512,-141,
CCC,2014J,370839,-143,141
CCC,2014J,371429,-22,12
CCC,2014J,371439,-53,
CCC,2014J,372234,-74,
CCC,2014J,372577,-101,236
CCC,2014J,378576,-59,235
CCC,2014J,379042,-128,
CCC,2014J,379185,-81,
CCC,2014J,379255,-60,
CCC,2014J,379265,-60,
CCC,2014J,379406,-115,
CCC,2014J,382378,-16,208
CCC,2014J,382857,-95,-68
CCC,2014J,384106,-18,12
CCC,2014J,385033,-60,
CCC,2014J,385980,-53,51
CCC,2014J,387944,-74,
CCC,2014J,387963,-44,
CCC,2014J,389250,-32,
CCC,2014J,389267,-149,19
CCC,2014J,391059,-114,
CCC,2014J,391466,-136,
CCC,2014J,392890,-64,
CCC,2014J,393094,-15,
CCC,2014J,393142,-32,
CCC,2014J,393526,-24,72
CCC,2014J,394218,-150,-137
CCC,2014J,394791,-64,
CCC,2014J,395757,-24,
CCC,2014J,396631,-93,67
CCC,2014J,398496,-60,
CCC,2014J,400266,-84,12
CCC,2014J,400958,-31,
CCC,2014J,401011,-29,178
CCC,2014J,401258,-63,12
CCC,2014J,402210,-143,156
CCC,2014J,402378,-31,
CCC,2014J,402883,-66,
CCC,2014J,404863,-51,
CCC,2014J,405125,-35,32
CCC,2014J,406254,-38,12
CCC,2014J,406326,-53,39
CCC,2014J,406698,-70,
CCC,2014J,407404,-84,
CCC,2014J,408608,-53,
CCC,2014J,409733,-73,
CCC,2014J,409852,-81,
CCC,2014J,409953,-23,
CCC,2014J,410176,-24,
CCC,2014J,411549,-41,
CCC,2014J,412304,-28,34
CCC,2014J,412600,-49,
CCC,2014J,412663,-95,
CCC,2014J,413087,5,
CCC,2014J,413200,-22,
CCC,2014J,414772,-79,
CCC,2014J,415023,-53,3
CCC,2014J,415631,-23,
CCC,2014J,416284,-51,
CCC,2014J,416860,-92,170
CCC,2014J,417522,-18,
CCC,2014J,417724,-25,
CCC,2014J,418397,-127,
CCC,2014J,418971,-41,
CCC,2014J,419024,-31,69
CCC,2014J,420042,-115,
CCC,2014J,421111,-142,
CCC,2014J,422343,-114,
CCC,2014J,422542,-18,
CCC,2014J,422670,-29,
CCC,2014J,422697,-155,96
CCC,2014J,423607,-52,
CCC,2014J,423622,-15,
CCC,2014J,423664,-95,
CCC,2014J,425053,-81,
CCC,2014J,425287,-10,
CCC,2014J,425919,-38,4
CCC,2014J,426316,-24,34
CCC,2014J,427390,-60,
CCC,2014J,427413,-154,
CCC,2014J,429015,-15,
CCC,2014J,430020,-8,
CCC,2014J,430487,-143,
CCC,2014J,430806,-63,
CCC,2014J,432478,-93,
CCC,2014J,432724,-28,
CCC,2014J,433508,-79,235
CCC,2014J,433794,-43,
CCC,2014J,434841,-8,
CCC,2014J,436900,-88,
CCC,2014J,437482,-122,
CCC,2014J,437968,-85,
CCC,2014J,439855,-38,94
CCC,2014J,440103,-31,
CCC,2014J,440171,-93,
CCC,2014J,440637,-93,17
CCC,2014J,441024,-14,6
CCC,2014J,442669,-25,
CCC,2014J,442823,5,7
CCC,2014J,442924,-108,
CCC,2014J,443837,-135,-16
CCC,2014J,443964,-49,
CCC,2014J,445114,-10,
CCC,2014J,445921,-21,12
CCC,2014J,446439,-10,
CCC,2014J,446479,-24,158
CCC,2014J,446778,-37,219
CCC,2014J,447644,-43,
CCC,2014J,447695,-18,128
CCC,2014J,448370,-87,46
CCC,2014J,464732,-59,
CCC,2014J,464780,-45,32
CCC,2014J,464924,-155,-81
CCC,2014J,464981,-81,
CCC,2014J,465281,-122,-57
CCC,2014J,465331,-5,
CCC,2014J,465577,-30,163
CCC,2014J,465619,-22,151
CCC,2014J,465732,-88,
CCC,2014J,465764,-79,62
CCC,2014J,465789,-64,
CCC,2014J,465900,-49,
CCC,2014J,466360,-115,
CCC,2014J,466372,-42,
CCC,2014J,466430,-72,12
CCC,2014J,467144,-25,39
CCC,2014J,467381,-137,31
CCC,2014J,467753,-10,124
CCC,2014J,468623,-17,12
CCC,2014J,468902,-60,
CCC,2014J,469281,-43,69
CCC,2014J,469614,-140,41
CCC,2014J,469887,-107,
CCC,2014J,470159,-25,
CCC,2014J,470253,-63,13
CCC,2014J,470385,-60,
CCC,2014J,470617,3,12
CCC,2014J,470914,-29,104
CCC,2014J,471027,-46,
CCC,2014J,471374,-74,-57
CCC,2014J,471580,-108,
CCC,2014J,471810,-22,122
CCC,2014J,471977,-144,-117
CCC,2014J,472290,-38,46
CCC,2014J,472309,-14,
CCC,2014J,472616,-77,-4
CCC,2014J,472651,-60,
CCC,2014J,472736,-63,
CCC,2014J,472762,-134,
CCC,2014J,473082,-24,215
CCC,2014J,473491,-140,179
CCC,2014J,474377,-156,-98
CCC,2014J,474495,-121,
CCC,2014J,474628,-30,
CCC,2014J,475065,-42,
CCC,2014J,475149,-23,
CCC,2014J,475163,-135,239
CCC,2014J,475734,-96,
CCC,2014J,477099,-43,
CCC,2014J,477185,-115,173
CCC,2014J,477246,-144,12
CCC,2014J,477488,-57,-12
CCC,2014J,478346,-21,
CCC,2014J,478496,-155,
CCC,2014J,478513,-135,
CCC,2014J,478562,-134,26
CCC,2014J,479522,-32,
CCC,2014J,479649,-66,69
CCC,2014J,479987,-66,118
CCC,2014J,480115,-144,
CCC,2014J,481169,-67,236
CCC,2014J,481314,-60,
CCC,2014J,481350,-106,195
CCC,2014J,481618,-123,17
CCC,2014J,482145,-37,
CCC,2014J,482751,-67,26
CCC,2014J,482868,-65,32
CCC,2014J,482938,-46,
CCC,2014J,483108,-137,
CCC,2014J,483543,-31,
CCC,2014J,483666,-148,54
CCC,2014J,483793,-13,
CCC,2014J,483858,-123,
CCC,2014J,484223,-108,
CCC,2014J,484435,-22,
CCC,2014J,484787,-114,51
CCC,2014J,485920,-65,171
CCC,2014J,485949,-129,-78
CCC,2014J,486300,-135,
CCC,2014J,486877,-123,70
CCC,2014J,487314,-25,
CCC,2014J,487570,-98,52
CCC,2014J,488192,-85,-50
CCC,2014J,488617,-5,
CCC,2014J,488755,-65,33
CCC,2014J,489990,-114,-85
CCC,2014J,490313,-53,212
CCC,2014J,490394,-18,
CCC,2014J,490443,-115,31
CCC,2014J,490542,-85,-68
CCC,2014J,491033,-22,73
CCC,2014J,491926,-120,23
CCC,2014J,492020,-87,73
CCC,2014J,492357,-67,
CCC,2014J,492537,-81,
CCC,2014J,492613,-102,139
CCC,2014J,493416,-150,
CCC,2014J,494211,-129,158
CCC,2014J,494498,-156,163
CCC,2014J,494829,-4,173
CCC,2014J,494911,-129,12
CCC,2014J,495438,-87,
CCC,2014J,496355,-128,
CCC,2014J,496530,-141,
CCC,2014J,496845,-21,
CCC,2014J,497536,-77,65
CCC,2014J,497955,-18,187
CCC,2014J,498225,-106,
CCC,2014J,498236,-32,
CCC,2014J,498459,-156,
CCC,2014J,498602,-28,
CCC,2014J,498828,-149,
CCC,2014J,499420,-24,
CCC,2014J,499683,-25,31
CCC,2014J,499703,-143,
CCC,2014J,499813,-42,
CCC,2014J,499848,-8,
CCC,2014J,500031,-30,
CCC,2014J,500189,-38,
CCC,2014J,500339,-34,6
CCC,2014J,500440,-18,-5
CCC,2014J,501146,-109,
CCC,2014J,501617,-101,
CCC,2014J,501867,-121,
CCC,2014J,501897,-14,10
CCC,2014J,502004,-42,12
CCC,2014J,502353,-87,74
CCC,2014J,502356,-32,
CCC,2014J,502766,-71,
CCC,2014J,503400,-21,52
CCC,2014J,503457,-72,
CCC,2014J,503610,-52,
CCC,2014J,503710,-115,
CCC,2014J,503779,-137,
CCC,2014J,504363,-24,
CCC,2014J,505108,-95,
CCC,2014J,505403,-88,58
CCC,2014J,505700,-10,186
CCC,2014J,505722,-143,
CCC,2014J,505815,-46,18
CCC,2014J,505930,-20,
CCC,2014J,505967,-129,45
CCC,2014J,506144,-15,
CCC,2014J,506543,-129,
CCC,2014J,506705,-81,
CCC,2014J,507031,-85,158
CCC,2014J,507344,-102,
CCC,2014J,507671,-121,-44
CCC,2014J,508244,-16,143
CCC,2014J,508295,-148,52
CCC,2014J,508637,-81,
CCC,2014J,508775,-155,12
CCC,2014J,509148,-52,9
CCC,2014J,509150,-42,167
CCC,2014J,509177,-14,12
CCC,2014J,509710,-92,
CCC,2014J,510054,-32,
CCC,2014J,510070,-38,110
CCC,2014J,510266,-134,
CCC,2014J,510401,-81,94
CCC,2014J,510460,-64,31
CCC,2014J,510846,-84,
CCC,2014J,511258,-144,
CCC,2014J,511350,-4,
CCC,2014J,511612,-109,122
CCC,2014J,511859,-42,-3
CCC,2014J,512257,-100,
CCC,2014J,512259,-149,
CCC,2014J,512330,-43,
CCC,2014J,512546,-29,
CCC,2014J,512852,-16,
CCC,2014J,512861,-88,-30
CCC,2014J,513918,-123,12
CCC,2014J,513969,-143,
CCC,2014J,514504,-143,143
CCC,2014J,515125,-94,
CCC,2014J,515426,-115,
CCC,2014J,515491,-60,
CCC,2014J,515734,-115,
CCC,2014J,515857,-153,
CCC,2014J,517223,-15,
CCC,2014J,517416,-135,
CCC,2014J,518134,-129,
CCC,2014J,518359,-50,
CCC,2014J,518503,-29,12
CCC,2014J,519057,-18,
CCC,2014J,519116,-109,103
CCC,2014J,519506,-88,
CCC,2014J,519684,-135,136
CCC,2014J,519879,-63,13
CCC,2014J,520077,-129,
CCC,2014J,520332,-58,
CCC,2014J,520750,-31,
CCC,2014J,520854,-93,-12
CCC,2014J,521115,-17,
CCC,2014J,521292,-124,
CCC,2014J,522004,-28,164
CCC,2014J,522257,-155,
CCC,2014J,522525,-29,
CCC,2014J,522534,-79,137
CCC,2014J,522708,-123,
CCC,2014J,522754,-53,
CCC,2014J,522924,-106,124
CCC,2014J,523239,-46,
CCC,2014J,523334,-24,101
CCC,2014J,523762,-21,
CCC,2014J,523817,-135,38
CCC,2014J,523872,-120,
CCC,2014J,523944,-70,
CCC,2014J,524019,-107,69
CCC,2014J,524170,-153,115
CCC,2014J,524276,-18,156
CCC,2014J,524431,-155,-1
CCC,2014J,524851,-41,52
CCC,2014J,525060,-37,-4
CCC,2014J,526124,-84,39
CCC,2014J,526132,-22,154
CCC,2014J,526235,-10,
CCC,2014J,526441,-23,
CCC,2014J,526601,-144,45
CCC,2014J,526741,-10,
CCC,2014J,527958,-15,173
CCC,2014J,528021,-65,9
CCC,2014J,528290,-136,52
CCC,2014J,528506,-45,
CCC,2014J,528700,-28,2
CCC,2014J,529179,-21,72
CCC,2014J,529309,-109,
CCC,2014J,529512,-14,24
CCC,2014J,529550,-29,104
CCC,2014J,529723,-93,33
CCC,2014J,529975,-29,
CCC,2014J,530663,-45,
CCC,2014J,531674,-136,12
CCC,2014J,531896,-84,
CCC,2014J,532440,-154,
CCC,2014J,532565,-150,
CCC,2014J,532649,-7,
CCC,2014J,532744,-46,-11
CCC,2014J,532846,-25,108
CCC,2014J,533006,-120,12
CCC,2014J,533512,-23,
CCC,2014J,533689,-35,
CCC,2014J,534074,-25,177
CCC,2014J,534093,-121,
CCC,2014J,534203,-80,31
CCC,2014J,534733,-120,
CCC,2014J,535161,-81,
CCC,2014J,535259,-79,
CCC,2014J,535648,-124,
CCC,2014J,536276,-74,
CCC,2014J,536736,-74,21
CCC,2014J,536825,-24,31
CCC,2014J,537654,-36,
CCC,2014J,537811,-53,
CCC,2014J,539408,-25,12
CCC,2014J,539451,-36,
CCC,2014J,539727,-14,12
CCC,2014J,540509,-154,39
CCC,2014J,540694,-24,104
CCC,2014J,540885,-114,10
CCC,2014J,541040,-74,109
CCC,2014J,541482,-81,
CCC,2014J,541531,-59,
CCC,2014J,541538,-114,
CCC,2014J,541708,-80,
CCC,2014J,542054,-140,152
CCC,2014J,542134,-28,-1
CCC,2014J,542167,-128,
CCC,2014J,542180,-87,
CCC,2014J,542557,-106,
CCC,2014J,543417,-24,66
CCC,2014J,543653,-30,
CCC,2014J,543788,-134,
CCC,2014J,543953,-79,32
CCC,2014J,544052,-10,
CCC,2014J,544071,-135,-3
CCC,2014J,544267,-10,
CCC,2014J,544271,,-29
CCC,2014J,544319,-10,72
CCC,2014J,544720,-24,
CCC,2014J,545118,-135,
CCC,2014J,545255,-23,
CCC,2014J,545493,-43,-5
CCC,2014J,545704,-14,
CCC,2014J,545758,-66,
CCC,2014J,546139,-115,129
CCC,2014J,546400,-46,185
CCC,2014J,546634,-23,144
CCC,2014J,546654,-92,
CCC,2014J,546934,-78,96
CCC,2014J,547128,-155,-113
CCC,2014J,547153,-36,
CCC,2014J,547506,-74,31
CCC,2014J,547612,-129,
CCC,2014J,548922,-114,37
CCC,2014J,548926,-18,
CCC,2014J,549113,-123,12
CCC,2014J,549439,-28,
CCC,2014J,549677,-15,12
CCC,2014J,549687,-72,
CCC,2014J,549706,-51,
CCC,2014J,549769,-10,163
CCC,2014J,549783,-150,
CCC,2014J,549888,-46,209
CCC,2014J,549922,-106,-1
CCC,2014J,550393,-10,
CCC,2014J,550545,-60,235
CCC,2014J,550702,-30,
CCC,2014J,550814,-85,
CCC,2014J,551158,-22,29
CCC,2014J,551214,-136,
CCC,2014J,551220,-8,
CCC,2014J,551332,-129,
CCC,2014J,551397,-149,
CCC,2014J,551589,-153,28
CCC,2014J,551772,-31,
CCC,2014J,551791,-44,51
CCC,2014J,552220,-5,
CCC,2014J,552255,-78,26
CCC,2014J,552475,-155,12
CCC,2014J,552498,-23,
CCC,2014J,552666,-43,94
CCC,2014J,552965,-57,
CCC,2014J,553599,-101,
CCC,2014J,553719,-150,
CCC,2014J,553741,-25,
CCC,2014J,554065,-45,
CCC,2014J,554266,-32,153
CCC,2014J,554444,-129,12
CCC,2014J,554459,-81,
CCC,2014J,554691,-93,110
CCC,2014J,554761,-28,
CCC,2014J,555498,-129,
CCC,2014J,555760,-24,
CCC,2014J,555884,-71,
CCC,2014J,555989,-17,
CCC,2014J,556140,-115,
CCC,2014J,556251,-17,
CCC,2014J,556440,-45,
CCC,2014J,556450,-56,
CCC,2014J,556476,-17,
CCC,2014J,556521,-4,23
CCC,2014J,556645,-25,
CCC,2014J,556788,-38,-14
CCC,2014J,556824,-24,
CCC,2014J,557608,-155,110
CCC,2014J,557650,-29,
CCC,2014J,557700,-60,
CCC,2014J,557959,-32,
CCC,2014J,558440,-155,235
CCC,2014J,558463,-43,
CCC,2014J,558839,-93,
CCC,2014J,559225,-102,
CCC,2014J,559518,-16,
CCC,2014J,559672,-25,-25
CCC,2014J,559863,-50,
CCC,2014J,559912,-150,12
CCC,2014J,560064,-114,
CCC,2014J,560065,-23,
CCC,2014J,560399,-31,
CCC,2014J,560554,-28,
CCC,2014J,560723,-24,33
CCC,2014J,560784,-128,
CCC,2014J,560879,-79,
CCC,2014J,561009,-51,
CCC,2014J,561113,-60,235
CCC,2014J,561195,-45,
CCC,2014J,561208,-18,
CCC,2014J,561476,-67,
CCC,2014J,561560,-16,
CCC,2014J,561826,-45,
CCC,2014J,561848,-73,
CCC,2014J,561913,-129,
CCC,2014J,562437,-155,53
CCC,2014J,562884,-148,
CCC,2014J,563016,-28,
CCC,2014J,563051,-74,
CCC,2014J,563230,-81,69
CCC,2014J,563321,-21,
CCC,2014J,563430,-94,12
CCC,2014J,563920,-67,
CCC,2014J,563951,-113,-4
CCC,2014J,563967,-148,-78
CCC,2014J,564213,-64,
CCC,2014J,564356,-149,38
CCC,2014J,564649,-18,
CCC,2014J,564714,-59,
CCC,2014J,564931,-129,173
CCC,2014J,565066,-135,167
CCC,2014J,565109,-144,-5
CCC,2014J,565605,-56,
CCC,2014J,565707,-109,-80
CCC,2014J,565743,-1,
CCC,2014J,565840,-10,109
CCC,2014J,565883,-155,77
CCC,2014J,566135,-53,
CCC,2014J,566447,-59,
CCC,2014J,566464,-44,
CCC,2014J,566664,-37,34
CCC,2014J,566694,-155,44
CCC,2014J,566938,-87,
CCC,2014J,566979,-155,
CCC,2014J,567152,-25,-1
CCC,2014J,567304,-29,
CCC,2014J,567451,-94,77
CCC,2014J,567597,-51,
CCC,2014J,567719,-115,
CCC,2014J,567888,-60,
CCC,2014J,568307,-115,108
CCC,2014J,568596,-16,167
CCC,2014J,568691,-113,
CCC,2014J,568948,-113,
CCC,2014J,569049,-93,61
CCC,2014J,569132,-143,-101
CCC,2014J,569277,-51,
CCC,2014J,569625,-122,
CCC,2014J,569944,-3,
CCC,2014J,570453,-129,
CCC,2014J,570491,-34,
CCC,2014J,570671,-53,34
CCC,2014J,570717,-108,-30
CCC,2014J,570732,-81,
CCC,2014J,570757,-22,
CCC,2014J,570895,-23,
CCC,2014J,570954,-10,143
CCC,2014J,570985,-155,
CCC,2014J,570997,-121,45
CCC,2014J,571131,-114,
CCC,2014J,571610,-87,65
CCC,2014J,571765,-155,
CCC,2014J,571808,-4,
CCC,2014J,571833,-101,
CCC,2014J,571921,-84,
CCC,2014J,571950,-122,-93
CCC,2014J,571962,-81,
CCC,2014J,572011,-129,
CCC,2014J,572098,-150,
CCC,2014J,572154,-92,158
CCC,2014J,572231,-92,
CCC,2014J,572250,-42,32
CCC,2014J,572339,-50,67
CCC,2014J,572396,-80,
CCC,2014J,572431,-155,
CCC,2014J,572537,-141,
CCC,2014J,572584,-134,111
CCC,2014J,572588,-25,80
CCC,2014J,572589,-106,116
CCC,2014J,572599,-29,40
CCC,2014J,572659,-93,12
CCC,2014J,572735,-101,
CCC,2014J,572746,-101,77
CCC,2014J,572754,-106,-60
CCC,2014J,572783,-144,
CCC,2014J,572816,-38,23
CCC,2014J,572874,-16,
CCC,2014J,572919,-21,
CCC,2014J,573093,-146,108
CCC,2014J,573153,-148,-58
CCC,2014J,573473,-84,157
CCC,2014J,573481,-107,87
CCC,2014J,573689,-73,59
CCC,2014J,573858,-114,
CCC,2014J,573920,-44,90
CCC,2014J,573924,-73,
CCC,2014J,574056,-150,12
CCC,2014J,574259,-106,
CCC,2014J,574310,-121,
CCC,2014J,574325,-8,
CCC,2014J,574507,-21,116
CCC,2014J,574508,-18,30
CCC,2014J,574523,-154,32
CCC,2014J,574586,-24,107
CCC,2014J,574590,-148,
CCC,2014J,574637,-34,
CCC,2014J,574705,-155,
CCC,2014J,574720,-120,
CCC,2014J,574891,37,119
CCC,2014J,574928,-100,
CCC,2014J,575039,-20,
CCC,2014J,575047,-113,
CCC,2014J,575162,13,
CCC,2014J,575258,-115,-24
CCC,2014J,575265,-81,
CCC,2014J,575398,-35,178
CCC,2014J,575553,-38,76
CCC,2014J,575763,-60,143
CCC,2014J,575766,-127,
CCC,2014J,575798,-42,
CCC,2014J,576233,-109,
CCC,2014J,576251,-14,
CCC,2014J,576433,-30,
CCC,2014J,576439,-124,
CCC,2014J,576453,-108,
CCC,2014J,576541,-129,
CCC,2014J,576568,-113,
CCC,2014J,576791,-60,
CCC,2014J,576876,-129,-60
CCC,2014J,577148,-124,102
CCC,2014J,577149,-22,20
CCC,2014J,577235,-25,
CCC,2014J,577279,-85,
CCC,2014J,577427,-94,
CCC,2014J,577458,-44,
CCC,2014J,577460,-115,207
CCC,2014J,577551,-155,130
CCC,2014J,577566,-28,
CCC,2014J,578000,-38,
CCC,2014J,578026,-122,122
CCC,2014J,578634,-113,31
CCC,2014J,578815,-21,
CCC,2014J,578820,-17,159
CCC,2014J,578823,-137,101
CCC,2014J,579052,-38,108
CCC,2014J,579176,-120,104
CCC,2014J,579278,-109,148
CCC,2014J,579283,-106,23
CCC,2014J,579325,-59,23
CCC,2014J,579362,-155,234
CCC,2014J,579583,-46,
CCC,2014J,579614,-101,
CCC,2014J,580342,-66,
CCC,2014J,580384,-15,
CCC,2014J,580657,-102,59
CCC,2014J,580709,-25,51
CCC,2014J,580714,-94,
CCC,2014J,580722,-67,149
CCC,2014J,580798,-115,
CCC,2014J,580845,-115,
CCC,2014J,580916,-101,
CCC,2014J,581123,-87,
CCC,2014J,581179,-67,
CCC,2014J,581247,-46,
CCC,2014J,581288,-37,125
CCC,2014J,581316,-87,
CCC,2014J,581410,-73,106
CCC,2014J,581552,-108,
CCC,2014J,581656,-28,
CCC,2014J,581676,-92,
CCC,2014J,581708,-10,129
CCC,2014J,581770,-120,32
CCC,2014J,581914,-36,10
CCC,2014J,582320,-106,
CCC,2014J,582340,-84,12
CCC,2014J,582395,-53,170
CCC,2014J,582514,-113,32
CCC,2014J,582530,-88,
CCC,2014J,582550,-115,
CCC,2014J,582651,-154,170
CCC,2014J,582723,-3,52
CCC,2014J,583288,-36,12
CCC,2014J,583293,-154,
CCC,2014J,583704,-36,
CCC,2014J,583993,-49,
CCC,2014J,584077,-53,51
CCC,2014J,584281,-100,
CCC,2014J,584386,-114,
CCC,2014J,584414,-92,8
CCC,2014J,584443,-38,97
CCC,2014J,584553,-10,111
CCC,2014J,584711,-147,59
CCC,2014J,584771,-59,
CCC,2014J,584926,-5,
CCC,2014J,585098,-22,
CCC,2014J,585134,-41,
CCC,2014J,585154,-38,
CCC,2014J,585222,-128,
CCC,2014J,585359,-28,
CCC,2014J,585422,-92,107
CCC,2014J,585433,-49,-4
CCC,2014J,585526,-28,3
CCC,2014J,585643,-44,51
CCC,2014J,585662,-153,23
CCC,2014J,585769,-72,130
CCC,2014J,585812,-23,
CCC,2014J,585911,-149,12
CCC,2014J,586046,-114,
CCC,2014J,586047,-115,
CCC,2014J,586088,-92,
CCC,2014J,586227,-22,103
CCC,2014J,586233,-74,9
CCC,2014J,586261,-30,
CCC,2014J,586476,-87,
CCC,2014J,586497,-115,
CCC,2014J,586526,-56,131
CCC,2014J,586550,-14,12
CCC,2014J,586594,-134,
CCC,2014J,586668,-95,
CCC,2014J,586750,-22,
CCC,2014J,586762,-120,
CCC,2014J,586781,-31,
CCC,2014J,586808,-92,
CCC,2014J,586838,-30,
CCC,2014J,586921,-144,107
CCC,2014J,587008,-70,
CCC,2014J,587082,-23,
CCC,2014J,587122,-142,6
CCC,2014J,587195,-102,12
CCC,2014J,587244,-1,
CCC,2014J,587377,-32,
CCC,2014J,587391,-149,
CCC,2014J,587547,-84,
CCC,2014J,587550,-15,94
CCC,2014J,587641,-115,
CCC,2014J,587793,-135,-43
CCC,2014J,587881,-109,
CCC,2014J,587900,-57,12
CCC,2014J,588033,-45,170
CCC,2014J,588100,-102,
CCC,2014J,588170,-149,156
CCC,2014J,588178,-115,137
CCC,2014J,588261,-115,-7
CCC,2014J,588482,-109,
CCC,2014J,588493,-60,
CCC,2014J,588556,-122,
CCC,2014J,588566,-67,
CCC,2014J,588765,-30,
CCC,2014J,588824,-87,69
CCC,2014J,588842,-122,
CCC,2014J,589223,-14,12
CCC,2014J,589327,-28,144
CCC,2014J,589438,-146,
CCC,2014J,589441,-93,121
CCC,2014J,589463,23,
CCC,2014J,589523,-143,
CCC,2014J,589565,-115,
CCC,2014J,589634,-107,
CCC,2014J,589723,-98,27
CCC,2014J,589778,-98,
CCC,2014J,589782,-155,
CCC,2014J,589956,-73,
CCC,2014J,590397,-106,
CCC,2014J,590519,-149,
CCC,2014J,590676,-59,
CCC,2014J,590886,-78,10
CCC,2014J,590974,-16,
CCC,2014J,591083,-146,
CCC,2014J,591230,-32,
CCC,2014J,591593,-31,-25
CCC,2014J,591619,-60,-20
CCC,2014J,591655,-38,
CCC,2014J,591733,-23,193
CCC,2014J,591869,-24,153
CCC,2014J,591891,-137,
CCC,2014J,592051,-31,
CCC,2014J,592093,-22,
CCC,2014J,592124,-29,136
CCC,2014J,592259,-28,39
CCC,2014J,592310,-95,
CCC,2014J,592338,-150,
CCC,2014J,592372,-77,
CCC,2014J,592494,-71,
CCC,2014J,592625,-77,
CCC,2014J,592657,-34,12
CCC,2014J,592731,-41,164
CCC,2014J,592787,-59,58
CCC,2014J,592805,-16,10
CCC,2014J,592950,-87,28
CCC,2014J,592951,-46,32
CCC,2014J,592997,-30,
CCC,2014J,593022,-128,
CCC,2014J,593607,-59,158
CCC,2014J,593657,-42,
CCC,2014J,594052,-88,12
CCC,2014J,594214,-36,38
CCC,2014J,594319,-92,
CCC,2014J,594326,-51,
CCC,2014J,594399,-129,23
CCC,2014J,594419,-67,
CCC,2014J,594627,-135,
CCC,2014J,594909,-22,
CCC,2014J,595106,-60,
CCC,2014J,595495,-28,
CCC,2014J,595514,-22,
CCC,2014J,595553,-149,61
CCC,2014J,595655,-129,10
CCC,2014J,595746,-155,-12
CCC,2014J,595938,-147,85
CCC,2014J,595988,-98,72
CCC,2014J,596052,-25,9
CCC,2014J,596245,-95,-30
CCC,2014J,596332,-129,
CCC,2014J,596441,-108,39
CCC,2014J,596620,-153,74
CCC,2014J,596711,-49,
CCC,2014J,596789,-28,19
CCC,2014J,596812,-30,19
CCC,2014J,596845,-53,
CCC,2014J,596846,-53,
CCC,2014J,596855,-127,12
CCC,2014J,596860,-155,32
CCC,2014J,596931,-14,12
CCC,2014J,596981,-81,
CCC,2014J,597052,-102,
CCC,2014J,597166,-58,37
CCC,2014J,597319,-81,107
CCC,2014J,597365,-154,
CCC,2014J,597433,-136,
CCC,2014J,597436,-100,
CCC,2014J,597560,-38,6
CCC,2014J,597755,-52,
CCC,2014J,597948,-51,19
CCC,2014J,598028,-34,163
CCC,2014J,598102,-34,
CCC,2014J,598299,-113,
CCC,2014J,598478,-49,37
CCC,2014J,598501,-92,
CCC,2014J,598665,-41,
CCC,2014J,598713,-70,
CCC,2014J,598751,-28,
CCC,2014J,598887,-135,12
CCC,2014J,598963,-51,
CCC,2014J,598983,-30,
CCC,2014J,599084,-9,107
CCC,2014J,599109,-155,
CCC,2014J,599169,-67,
CCC,2014J,599176,-100,
CCC,2014J,599297,-9,
CCC,2014J,599341,-23,87
CCC,2014J,599398,-57,
CCC,2014J,599429,-3,23
CCC,2014J,599452,-23,
CCC,2014J,599461,-15,12
CCC,2014J,599491,-31,
CCC,2014J,599663,-38,156
CCC,2014J,599740,-49,
CCC,2014J,599976,-123,
CCC,2014J,600042,-31,-5
CCC,2014J,600067,-106,
CCC,2014J,600175,-23,52
CCC,2014J,600350,-73,33
CCC,2014J,600509,-16,
CCC,2014J,600535,-24,
CCC,2014J,600547,-137,11
CCC,2014J,600796,-14,
CCC,2014J,600814,-108,
CCC,2014J,600869,-38,12
CCC,2014J,600898,-67,-4
CCC,2014J,601043,-135,138
CCC,2014J,601054,-23,44
CCC,2014J,601082,-25,
CCC,2014J,601234,-31,
CCC,2014J,601388,-87,
CCC,2014J,601431,-14,
CCC,2014J,601517,-17,
CCC,2014J,601566,-115,205
CCC,2014J,601567,-23,
CCC,2014J,601653,-8,51
CCC,2014J,601735,-46,137
CCC,2014J,601753,-67,25
CCC,2014J,601857,-155,
CCC,2014J,601956,-155,240
CCC,2014J,602030,-114,
CCC,2014J,602123,-123,
CCC,2014J,602151,-37,
CCC,2014J,602288,-141,
CCC,2014J,602533,-49,
CCC,2014J,602585,-25,9
CCC,2014J,602683,-102,
CCC,2014J,602806,-150,-80
CCC,2014J,602827,-101,107
CCC,2014J,602856,-121,31
CCC,2014J,602973,-101,
CCC,2014J,603049,-21,
CCC,2014J,603129,-63,
CCC,2014J,603179,-20,
CCC,2014J,603302,-107,94
CCC,2014J,603325,-122,
CCC,2014J,603503,-46,
CCC,2014J,603529,-56,
CCC,2014J,603560,-45,55
CCC,2014J,603620,-60,
CCC,2014J,603728,-56,
CCC,2014J,603979,-98,34
CCC,2014J,604057,-37,
CCC,2014J,604164,-94,
CCC,2014J,604340,-146,-45
CCC,2014J,604379,-56,
CCC,2014J,604694,-88,69
CCC,2014J,604825,-122,158
CCC,2014J,604906,-80,
CCC,2014J,604991,-141,
CCC,2014J,605111,-29,
CCC,2014J,605264,-87,33
CCC,2014J,605367,-20,
CCC,2014J,605459,-22,96
CCC,2014J,605468,-46,117
CCC,2014J,605540,-109,
CCC,2014J,605545,-22,
CCC,2014J,605666,-38,
CCC,2014J,605840,-115,
CCC,2014J,605868,-63,
CCC,2014J,606036,-22,34
CCC,2014J,606064,-30,
CCC,2014J,606170,-29,
CCC,2014J,606182,-108,
CCC,2014J,606344,-34,159
CCC,2014J,606345,-25,
CCC,2014J,607047,-24,
CCC,2014J,607085,-32,
CCC,2014J,607094,-16,
CCC,2014J,607143,-21,
CCC,2014J,607427,-88,6
CCC,2014J,607429,-28,
CCC,2014J,607453,-59,
CCC,2014J,607555,-25,
CCC,2014J,607600,-25,12
CCC,2014J,607668,-74,
CCC,2014J,607812,-65,
CCC,2014J,607900,-155,132
CCC,2014J,607947,-31,
CCC,2014J,608422,-31,
CCC,2014J,608423,-100,170
CCC,2014J,608571,-42,
CCC,2014J,608577,-29,
CCC,2014J,608669,-15,
CCC,2014J,608681,-59,
CCC,2014J,608746,-23,
CCC,2014J,608821,-23,-1
CCC,2014J,608891,-73,
CCC,2014J,608978,-81,
CCC,2014J,608983,-22,17
CCC,2014J,609031,-98,
CCC,2014J,609044,-23,
CCC,2014J,609235,-14,
CCC,2014J,609456,-102,
CCC,2014J,609527,-7,40
CCC,2014J,609537,-46,
CCC,2014J,609605,-22,178
CCC,2014J,609823,-15,125
CCC,2014J,609852,-88,
CCC,2014J,609891,-30,
CCC,2014J,609969,-95,
CCC,2014J,610019,-20,
CCC,2014J,610033,-16,
CCC,2014J,610234,-35,
CCC,2014J,610279,-142,
CCC,2014J,610285,-22,128
CCC,2014J,610287,-22,
CCC,2014J,610324,-34,
CCC,2014J,610537,-81,
CCC,2014J,610549,-9,31
CCC,2014J,610622,-142,59
CCC,2014J,610643,-150,
CCC,2014J,610650,-66,
CCC,2014J,610681,-18,
CCC,2014J,610684,-34,26
CCC,2014J,610881,-57,
CCC,2014J,610904,-58,
CCC,2014J,611033,-67,196
CCC,2014J,611173,-87,
CCC,2014J,611255,-32,
CCC,2014J,611407,-24,
CCC,2014J,611417,-29,
CCC,2014J,611465,-84,12
CCC,2014J,611520,-155,-87
CCC,2014J,611542,-42,
CCC,2014J,611593,-115,
CCC,2014J,611813,-18,
CCC,2014J,611852,-23,12
CCC,2014J,612127,-17,174
CCC,2014J,612177,-14,
CCC,2014J,612179,-14,
CCC,2014J,612183,-7,
CCC,2014J,612187,-14,
CCC,2014J,612283,-65,102
CCC,2014J,612327,-147,
CCC,2014J,612439,-49,
CCC,2014J,612449,-52,31
CCC,2014J,612568,-17,97
CCC,2014J,612798,-64,
CCC,2014J,612860,-136,
CCC,2014J,613122,-135,
CCC,2014J,613237,-38,
CCC,2014J,613370,-38,
CCC,2014J,613644,-41,73
CCC,2014J,613667,-155,
CCC,2014J,613806,-24,
CCC,2014J,613954,-22,
CCC,2014J,614265,-25,
CCC,2014J,614300,-52,
CCC,2014J,614458,-70,
CCC,2014J,614623,-137,-114
CCC,2014J,614761,-67,153
CCC,2014J,614804,-74,
CCC,2014J,615075,-23,
CCC,2014J,615225,-146,-64
CCC,2014J,615241,-23,
CCC,2014J,615242,-22,
CCC,2014J,615426,-155,-103
CCC,2014J,616386,-78,
CCC,2014J,616407,-147,60
CCC,2014J,616439,-73,
CCC,2014J,616646,-46,101
CCC,2014J,616658,-18,
CCC,2014J,616789,-38,
CCC,2014J,616870,-53,
CCC,2014J,617130,-31,
CCC,2014J,617327,-108,164
CCC,2014J,617341,-24,-10
CCC,2014J,617418,-129,
CCC,2014J,617740,-53,
CCC,2014J,618377,-78,95
CCC,2014J,618513,-34,
CCC,2014J,618590,-60,
CCC,2014J,618649,-155,
CCC,2014J,618683,-93,
CCC,2014J,618777,-92,
CCC,2014J,618849,-137,160
CCC,2014J,618865,-88,
CCC,2014J,618875,-137,
CCC,2014J,618982,-122,230
CCC,2014J,619359,-34,
CCC,2014J,619380,-156,
CCC,2014J,619472,-142,44
CCC,2014J,619503,-23,109
CCC,2014J,619927,-136,
CCC,2014J,619928,-136,
CCC,2014J,620159,-95,
CCC,2014J,620231,-93,
CCC,2014J,620243,-113,
CCC,2014J,620369,3,
CCC,2014J,620484,-80,
CCC,2014J,620608,-150,5
CCC,2014J,620652,-46,
CCC,2014J,620716,-85,
CCC,2014J,620782,-80,33
CCC,2014J,620819,-144,26
CCC,2014J,620897,-17,147
CCC,2014J,621001,-17,-15
CCC,2014J,621300,-53,
CCC,2014J,621380,-34,30
CCC,2014J,621414,-53,68
CCC,2014J,621442,-14,
CCC,2014J,621605,-115,
CCC,2014J,621696,-155,
CCC,2014J,621699,-144,-93
CCC,2014J,621884,-93,
CCC,2014J,621906,-64,12
CCC,2014J,622015,-22,139
CCC,2014J,622027,-87,221
CCC,2014J,622086,-155,18
CCC,2014J,622096,-113,118
CCC,2014J,622192,-38,
CCC,2014J,622374,-155,
CCC,2014J,622384,-53,
CCC,2014J,622413,-17,66
CCC,2014J,622425,-64,164
CCC,2014J,622541,-9,
CCC,2014J,622686,-65,11
CCC,2014J,622812,-78,
CCC,2014J,622890,-52,108
CCC,2014J,622935,-95,
CCC,2014J,622972,-148,
CCC,2014J,622976,-42,
CCC,2014J,623002,-129,
CCC,2014J,623079,-122,23
CCC,2014J,623100,-44,
CCC,2014J,623124,-23,
CCC,2014J,623221,-72,
CCC,2014J,623407,-81,12
CCC,2014J,623484,-31,
CCC,2014J,623511,-53,
CCC,2014J,623523,-30,-22
CCC,2014J,624060,-34,
CCC,2014J,624092,-49,
CCC,2014J,624126,-150,-17
CCC,2014J,624156,-31,
CCC,2014J,624209,-93,
CCC,2014J,624256,-140,
CCC,2014J,624354,-129,
CCC,2014J,624469,-115,32
CCC,2014J,624493,-155,
CCC,2014J,624585,-148,16
CCC,2014J,624730,-21,60
CCC,2014J,624789,-36,
CCC,2014J,624860,-106,87
CCC,2014J,624927,-34,
CCC,2014J,624957,-129,187
CCC,2014J,625067,-60,
CCC,2014J,625078,-123,27
CCC,2014J,625098,-14,
CCC,2014J,625100,-38,
CCC,2014J,625126,-129,31
CCC,2014J,625218,-50,-2
CCC,2014J,625263,-25,
CCC,2014J,625288,-92,10
CCC,2014J,625357,-52,
CCC,2014J,625541,-78,
CCC,2014J,625928,-31,68
CCC,2014J,626103,-144,
CCC,2014J,626296,-84,
CCC,2014J,626407,-53,
CCC,2014J,626417,-18,
CCC,2014J,626463,-66,
CCC,2014J,626519,-30,
CCC,2014J,626625,-25,
CCC,2014J,626753,-63,106
CCC,2014J,626757,-46,
CCC,2014J,626768,-53,87
CCC,2014J,626878,-28,
CCC,2014J,627184,-14,
CCC,2014J,627283,-18,
CCC,2014J,627290,-30,
CCC,2014J,627295,-22,10
CCC,2014J,627401,-15,
CCC,2014J,627417,-41,
CCC,2014J,627450,-50,
CCC,2014J,627471,-66,
CCC,2014J,627527,-9,
CCC,2014J,627581,-93,38
CCC,2014J,627599,-13,73
CCC,2014J,627947,-155,88
CCC,2014J,628008,-46,87
CCC,2014J,628034,-46,
CCC,2014J,628114,-46,
CCC,2014J,628216,-29,
CCC,2014J,628300,-74,
CCC,2014J,628361,-136,
CCC,2014J,628376,-35,
CCC,2014J,628407,-113,
CCC,2014J,628480,-31,29
CCC,2014J,628618,-28,
CCC,2014J,628706,-134,67
CCC,2014J,628717,-46,156
CCC,2014J,628720,-30,33
CCC,2014J,628777,-32,
CCC,2014J,628803,-32,108
CCC,2014J,628806,-95,12
CCC,2014J,628846,-81,
CCC,2014J,628910,-31,
CCC,2014J,629014,-74,-25
CCC,2014J,629056,-22,178
CCC,2014J,629096,-77,
CCC,2014J,629400,-16,-3
CCC,2014J,629405,-73,
CCC,2014J,629523,-128,
CCC,2014J,629535,-38,
CCC,2014J,629560,-155,171
CCC,2014J,629607,-29,
CCC,2014J,629692,-78,
CCC,2014J,629696,-95,
CCC,2014J,629748,-25,73
CCC,2014J,629822,-144,40
CCC,2014J,630013,-108,
CCC,2014J,630073,-23,103
CCC,2014J,630165,-73,114
CCC,2014J,630177,-60,
CCC,2014J,630200,-95,
CCC,2014J,630430,-9,
CCC,2014J,630431,-9,
CCC,2014J,630452,-22,
CCC,2014J,630467,-142,
CCC,2014J,630479,-155,
CCC,2014J,630510,-140,-1
CCC,2014J,630519,-13,
CCC,2014J,630541,-10,-5
CCC,2014J,630891,-22,67
CCC,2014J,630905,-95,
CCC,2014J,630935,-123,
CCC,2014J,631016,-50,109
CCC,2014J,631023,-137,-110
CCC,2014J,631073,-45,
CCC,2014J,631117,-57,
CCC,2014J,631247,-30,
CCC,2014J,631356,-150,-107
CCC,2014J,631491,-74,
CCC,2014J,631573,-60,
CCC,2014J,631663,-10,
CCC,2014J,631771,-22,
CCC,2014J,631851,-41,
CCC,2014J,631860,-24,65
CCC,2014J,631870,-32,189
CCC,2014J,631880,-101,101
CCC,2014J,631924,-155,
CCC,2014J,632004,-93,
CCC,2014J,632083,-34,
CCC,2014J,632134,-58,
CCC,2014J,632260,-150,45
CCC,2014J,632378,-78,
CCC,2014J,632389,-32,19
CCC,2014J,632451,-72,
CCC,2014J,632575,-60,
CCC,2014J,632626,-87,8
CCC,2014J,632637,-31,
CCC,2014J,632700,-29,97
CCC,2014J,632709,-42,
CCC,2014J,632756,-34,
CCC,2014J,632866,-121,234
CCC,2014J,632904,-16,
CCC,2014J,632929,-18,32
CCC,2014J,632942,-21,78
CCC,2014J,633008,-25,
CCC,2014J,633047,-16,
CCC,2014J,633069,-113,
CCC,2014J,633157,-123,-67
CCC,2014J,633179,-31,
CCC,2014J,633198,-25,
CCC,2014J,633205,-34,2
CCC,2014J,633238,-22,45
CCC,2014J,633303,-45,
CCC,2014J,633328,-18,164
CCC,2014J,633334,-144,
CCC,2014J,633504,-32,
CCC,2014J,633511,-46,
CCC,2014J,633544,-25,
CCC,2014J,633618,-53,201
CCC,2014J,633634,-78,
CCC,2014J,633647,-24,
CCC,2014J,633655,-25,
CCC,2014J,633746,-67,
CCC,2014J,633756,-34,17
CCC,2014J,633914,-22,
CCC,2014J,633960,-63,
CCC,2014J,633990,-30,25
CCC,2014J,634111,-31,100
CCC,2014J,634119,-66,
CCC,2014J,634193,-102,85
CCC,2014J,634200,-95,
CCC,2014J,634309,-24,
CCC,2014J,634351,-25,
CCC,2014J,634365,-28,
CCC,2014J,634420,-23,156
CCC,2014J,634536,-17,
CCC,2014J,634552,-77,
CCC,2014J,634600,-51,
CCC,2014J,634648,-155,
CCC,2014J,634655,-31,-3
CCC,2014J,634721,-29,
CCC,2014J,634776,-114,74
CCC,2014J,634817,-78,37
CCC,2014J,634824,-51,
CCC,2014J,634853,-17,
CCC,2014J,635410,-115,103
CCC,2014J,635573,-64,
CCC,2014J,635711,-122,
CCC,2014J,635802,-129,
CCC,2014J,636000,-8,
CCC,2014J,636124,-129,
CCC,2014J,636243,-143,16
CCC,2014J,636364,-28,
CCC,2014J,636387,-79,
CCC,2014J,636420,-24,67
CCC,2014J,636422,-88,
CCC,2014J,636443,-73,-3
CCC,2014J,636628,-85,31
CCC,2014J,636716,-135,
CCC,2014J,636732,-129,
CCC,2014J,636743,-72,-11
CCC,2014J,636783,-88,
CCC,2014J,636996,-16,
CCC,2014J,637070,-32,
CCC,2014J,637086,-148,-49
CCC,2014J,637089,-5,61
CCC,2014J,637325,-58,127
CCC,2014J,637691,-149,
CCC,2014J,637708,-134,
CCC,2014J,637754,-44,
CCC,2014J,637939,-135,-18
CCC,2014J,638018,-23,
CCC,2014J,638040,-30,
CCC,2014J,638243,-106,31
CCC,2014J,638254,-14,
CCC,2014J,638426,-17,-2
CCC,2014J,638504,-102,31
CCC,2014J,638771,-122,
CCC,2014J,639012,-92,
CCC,2014J,639176,-30,-5
CCC,2014J,639232,-42,12
CCC,2014J,640109,-15,12
CCC,2014J,640443,-64,-61
CCC,2014J,640662,-32,-11
CCC,2014J,640773,-154,
CCC,2014J,641347,-122,147
CCC,2014J,641363,-143,
CCC,2014J,641684,-23,65
CCC,2014J,641696,-22,
CCC,2014J,641804,-25,
CCC,2014J,642066,-29,-5
CCC,2014J,642261,-129,32
CCC,2014J,642291,-21,
CCC,2014J,642591,-32,
CCC,2014J,642627,-23,
CCC,2014J,642744,-94,-17
CCC,2014J,642790,-147,4
CCC,2014J,642817,-115,
CCC,2014J,642838,-14,
CCC,2014J,642839,-155,87
CCC,2014J,642850,-38,
CCC,2014J,642902,-18,
CCC,2014J,643114,-60,-11
CCC,2014J,643199,-144,171
CCC,2014J,643200,-64,-4
CCC,2014J,643269,-122,-11
CCC,2014J,643278,-129,-20
CCC,2014J,643309,-91,58
CCC,2014J,643357,-113,-89
CCC,2014J,643403,-24,
CCC,2014J,643404,-93,
CCC,2014J,643416,-15,-2
CCC,2014J,643434,-106,164
CCC,2014J,643457,-112,-5
CCC,2014J,643514,-51,-2
CCC,2014J,643568,-87,
CCC,2014J,643690,-41,33
CCC,2014J,643757,-70,
CCC,2014J,643758,-100,
CCC,2014J,643770,-56,164
CCC,2014J,644093,-122,
CCC,2014J,644242,-79,
CCC,2014J,644246,-108,
CCC,2014J,644369,-8,
CCC,2014J,644416,-64,
CCC,2014J,644453,-109,-39
CCC,2014J,644480,-67,
CCC,2014J,644516,-148,143
CCC,2014J,644828,-17,
CCC,2014J,644848,-30,
CCC,2014J,644905,-147,59
CCC,2014J,644951,-135,
CCC,2014J,644974,-155,
CCC,2014J,645124,-22,
CCC,2014J,645144,-70,
CCC,2014J,645160,-135,12
CCC,2014J,645174,-153,
CCC,2014J,645216,-22,
CCC,2014J,645219,-141,-39
CCC,2014J,645334,-73,
CCC,2014J,645353,-133,60
CCC,2014J,645369,-24,
CCC,2014J,645481,-72,-46
CCC,2014J,645586,-63,
CCC,2014J,645590,-115,
CCC,2014J,645698,-66,
CCC,2014J,645710,-115,-78
CCC,2014J,645770,-120,
CCC,2014J,645792,-18,
CCC,2014J,645835,-22,191
CCC,2014J,645847,-37,-2
CCC,2014J,645867,-22,
CCC,2014J,645939,-106,30
CCC,2014J,645948,-122,109
CCC,2014J,646071,-32,
CCC,2014J,646077,-72,12
CCC,2014J,646173,-67,
CCC,2014J,646351,-28,
CCC,2014J,646359,-78,12
CCC,2014J,646363,-15,
CCC,2014J,646406,-25,
CCC,2014J,646413,-154,
CCC,2014J,646459,-38,12
CCC,2014J,646481,-37,
CCC,2014J,646502,-123,10
CCC,2014J,646547,-92,-38
CCC,2014J,646553,-128,
CCC,2014J,646589,-46,
CCC,2014J,646628,-45,
CCC,2014J,646689,-53,4
CCC,2014J,646739,-25,
CCC,2014J,646747,-127,-18
CCC,2014J,646751,-7,-5
CCC,2014J,646841,-137,31
CCC,2014J,646938,-84,-74
CCC,2014J,646998,-122,
CCC,2014J,647083,-32,
CCC,2014J,647148,-31,
CCC,2014J,647184,-52,70
CCC,2014J,647195,-98,
CCC,2014J,647391,-78,-30
CCC,2014J,647406,-112,12
CCC,2014J,647417,-77,12
CCC,2014J,647464,-34,
CCC,2014J,647479,-73,
CCC,2014J,647518,-18,12
CCC,2014J,647593,-49,
CCC,2014J,647645,-142,-6
CCC,2014J,647684,-17,23
CCC,2014J,647735,-31,
CCC,2014J,647763,-94,
CCC,2014J,647865,-99,
CCC,2014J,647869,-155,71
CCC,2014J,647887,-155,12
CCC,2014J,647888,-140,
CCC,2014J,647947,-155,9
CCC,2014J,648085,-150,
CCC,2014J,648140,-155,
CCC,2014J,648161,-156,
CCC,2014J,648250,-155,12
CCC,2014J,648285,-36,
CCC,2014J,648314,-155,12
CCC,2014J,648321,-92,172
CCC,2014J,648354,-38,-19
CCC,2014J,648363,-155,
CCC,2014J,648369,-91,
CCC,2014J,648419,-155,-25
CCC,2014J,648448,-22,52
CCC,2014J,648477,-154,12
CCC,2014J,648521,-144,-120
CCC,2014J,648536,-155,-87
CCC,2014J,648590,-155,
CCC,2014J,648605,-150,12
CCC,2014J,648606,-108,9
CCC,2014J,648625,-94,-45
CCC,2014J,648649,-43,
CCC,2014J,648654,-155,
CCC,2014J,648781,-153,
CCC,2014J,648818,-59,
CCC,2014J,648819,-154,-4
CCC,2014J,648833,-112,12
CCC,2014J,648854,-129,
CCC,2014J,648868,-46,12
CCC,2014J,648872,-154,31
CCC,2014J,648959,-30,
CCC,2014J,649001,-153,118
CCC,2014J,649105,-148,
CCC,2014J,649129,-140,
CCC,2014J,649141,-137,198
CCC,2014J,649215,-127,-8
CCC,2014J,649248,-143,-10
CCC,2014J,649343,-30,
CCC,2014J,649394,-135,12
CCC,2014J,649413,-150,-148
CCC,2014J,649523,-154,-12
CCC,2014J,649592,-32,
CCC,2014J,649604,-150,
CCC,2014J,649607,-65,151
CCC,2014J,649701,-129,12
CCC,2014J,649761,-32,
CCC,2014J,649780,-94,16
CCC,2014J,649816,-67,
CCC,2014J,649840,-150,
CCC,2014J,649856,-36,
CCC,2014J,649868,-150,
CCC,2014J,650070,-94,-15
CCC,2014J,650074,-148,8
CCC,2014J,650085,-50,12
CCC,2014J,650099,-16,
CCC,2014J,650105,-106,
CCC,2014J,650133,-30,52
CCC,2014J,650145,-38,
CCC,2014J,650163,-72,-30
CCC,2014J,650271,-143,
CCC,2014J,650341,-29,
CCC,2014J,650370,-113,
CCC,2014J,650414,-143,34
CCC,2014J,650424,-74,-57
CCC,2014J,650511,-129,
CCC,2014J,650544,-120,12
CCC,2014J,650787,-123,
CCC,2014J,650838,-135,-4
CCC,2014J,650849,-120,130
CCC,2014J,650850,-14,146
CCC,2014J,650856,-98,
CCC,2014J,650863,-72,
CCC,2014J,650927,-35,-3
CCC,2014J,651058,-43,
CCC,2014J,651156,-43,12
CCC,2014J,651159,-81,
CCC,2014J,651187,-129,27
CCC,2014J,651217,-137,12
CCC,2014J,651236,-147,
CCC,2014J,651267,-143,
CCC,2014J,651298,-144,-26
CCC,2014J,651325,-24,59
CCC,2014J,651371,-38,-8
CCC,2014J,651423,-87,
CCC,2014J,651495,-101,
CCC,2014J,651508,-24,
CCC,2014J,651616,-100,18
CCC,2014J,651651,-79,12
CCC,2014J,651734,-143,31
CCC,2014J,651759,-84,
CCC,2014J,651764,-106,
CCC,2014J,651823,-86,
CCC,2014J,651839,-129,12
CCC,2014J,651850,-120,215
CCC,2014J,651935,-107,
CCC,2014J,651963,-136,9
CCC,2014J,652023,-56,
CCC,2014J,652406,-136,-59
CCC,2014J,652428,-137,
CCC,2014J,652501,-53,
CCC,2014J,652570,-13,-10
CCC,2014J,652571,-28,12
CCC,2014J,652894,-120,
CCC,2014J,652902,-99,
CCC,2014J,652945,-135,-123
CCC,2014J,652971,-135,12
CCC,2014J,652994,-122,32
CCC,2014J,653062,-137,11
CCC,2014J,653115,-129,
CCC,2014J,653127,-93,
CCC,2014J,653177,-28,124
CCC,2014J,653278,-133,
CCC,2014J,653352,-73,18
CCC,2014J,653452,-136,
CCC,2014J,653506,-135,67
CCC,2014J,653700,-22,
CCC,2014J,653726,-114,12
CCC,2014J,653821,-23,
CCC,2014J,653887,-42,101
CCC,2014J,653977,-129,12
CCC,2014J,653998,-36,31
CCC,2014J,654000,-31,
CCC,2014J,654002,-25,
CCC,2014J,654016,-36,
CCC,2014J,654031,-129,
CCC,2014J,654095,-133,
CCC,2014J,654114,-128,
CCC,2014J,654188,-133,
CCC,2014J,654202,-64,-5
CCC,2014J,654258,-133,27
CCC,2014J,654295,-53,157
CCC,2014J,654322,-49,
CCC,2014J,654407,-129,-10
CCC,2014J,654504,-32,
CCC,2014J,654539,-24,
CCC,2014J,654646,-122,
CCC,2014J,654671,-128,27
CCC,2014J,654755,-115,159
CCC,2014J,654817,-78,
CCC,2014J,654828,-92,-81
CCC,2014J,654888,-121,-14
CCC,2014J,654915,-15,
CCC,2014J,654960,-128,-18
CCC,2014J,655051,-128,
CCC,2014J,655108,-121,
CCC,2014J,655293,-31,46
CCC,2014J,655353,-88,
CCC,2014J,655378,-123,
CCC,2014J,655390,-24,
CCC,2014J,655408,-5,40
CCC,2014J,655484,-88,58
CCC,2014J,655498,-60,
CCC,2014J,655627,-123,-61
CCC,2014J,655761,-123,-64
CCC,2014J,655890,-38,
CCC,2014J,655919,-92,
CCC,2014J,655927,-9,
CCC,2014J,655953,-102,-67
CCC,2014J,655973,-30,
CCC,2014J,655988,-85,95
CCC,2014J,656026,-18,12
CCC,2014J,656068,-120,-107
CCC,2014J,656203,-71,
CCC,2014J,656277,-15,
CCC,2014J,656287,-16,
CCC,2014J,656340,-101,
CCC,2014J,656347,-25,
CCC,2014J,656535,-112,-5
CCC,2014J,656539,-72,173
CCC,2014J,656634,-112,12
CCC,2014J,656642,-44,
CCC,2014J,656683,-105,
CCC,2014J,656878,-78,-19
CCC,2014J,656929,-32,
CCC,2014J,656954,-57,53
CCC,2014J,656978,-115,-93
CCC,2014J,657048,-93,157
CCC,2014J,657050,-109,
CCC,2014J,657145,-113,
CCC,2014J,657210,-70,
CCC,2014J,657211,-79,12
CCC,2014J,657285,-77,
CCC,2014J,657319,-109,-2
CCC,2014J,657352,-22,
CCC,2014J,665414,-56,
CCC,2014J,669530,-70,
CCC,2014J,674430,-101,170
CCC,2014J,674497,-25,
CCC,2014J,674541,-78,
CCC,2014J,674699,-57,
CCC,2014J,674808,-87,
CCC,2014J,674814,-95,-2
CCC,2014J,674882,-36,
CCC,2014J,674965,-46,
CCC,2014J,675054,-44,
CCC,2014J,675063,-57,
CCC,2014J,675111,-37,
CCC,2014J,675116,-98,-96
CCC,2014J,675374,-20,
CCC,2014J,675383,-108,
CCC,2014J,675396,-9,
CCC,2014J,675441,-23,
CCC,2014J,675442,-100,48
CCC,2014J,675450,-28,-3
CCC,2014J,675477,-29,
CCC,2014J,675495,-44,155
CCC,2014J,675504,-30,
CCC,2014J,675638,-107,
CCC,2014J,675758,-107,-45
CCC,2014J,675760,-77,
CCC,2014J,675823,-16,187
CCC,2014J,675875,-66,
CCC,2014J,675902,-24,
CCC,2014J,675915,-23,
CCC,2014J,676138,-15,9
CCC,2014J,676150,-102,
CCC,2014J,676366,-88,-53
CCC,2014J,676390,-35,
CCC,2014J,676469,-28,
CCC,2014J,676503,-64,
CCC,2014J,676526,-93,
CCC,2014J,676538,-95,
CCC,2014J,676650,-57,
CCC,2014J,676736,-98,-68
CCC,2014J,676760,-22,12
CCC,2014J,676783,-32,130
CCC,2014J,676884,-58,12
CCC,2014J,676909,-37,
CCC,2014J,676916,-38,
CCC,2014J,676964,-92,
CCC,2014J,677006,-66,
CCC,2014J,677018,-88,
CCC,2014J,677085,-73,
CCC,2014J,677089,-53,
CCC,2014J,677270,-67,144
CCC,2014J,677323,-91,-32
CCC,2014J,677349,-74,
CCC,2014J,677382,-99,-58
CCC,2014J,677459,-74,
CCC,2014J,677566,-64,-17
CCC,2014J,677641,-38,
CCC,2014J,677721,-31,-8
CCC,2014J,677741,-9,
CCC,2014J,677887,-15,17
CCC,2014J,678088,-94,-36
CCC,2014J,678089,-71,
CCC,2014J,678090,-94,12
CCC,2014J,678194,-38,
CCC,2014J,678203,-94,
CCC,2014J,678204,-53,
CCC,2014J,678339,-87,
CCC,2014J,678382,-91,
CCC,2014J,678393,-9,
CCC,2014J,678395,-86,
CCC,2014J,678408,-78,
CCC,2014J,678419,-73,
CCC,2014J,678474,-30,
CCC,2014J,678538,-14,-5
CCC,2014J,678790,-46,
CCC,2014J,678811,-46,12
CCC,2014J,678843,-43,128
CCC,2014J,678860,-17,171
CCC,2014J,679037,-57,-32
CCC,2014J,679039,-73,
CCC,2014J,679114,-44,-2
CCC,2014J,679128,-29,
CCC,2014J,679179,-52,
CCC,2014J,679207,-60,-4
CCC,2014J,679271,-43,115
CCC,2014J,679325,-25,-1
CCC,2014J,679363,-57,
CCC,2014J,679386,-23,
CCC,2014J,679431,-66,
CCC,2014J,679451,-71,
CCC,2014J,679468,-7,6
CCC,2014J,679529,-43,128
CCC,2014J,679539,-87,
CCC,2014J,679569,-81,
CCC,2014J,679599,-73,12
CCC,2014J,679663,-86,
CCC,2014J,679733,-57,
CCC,2014J,679750,-56,
CCC,2014J,679886,-71,
CCC,2014J,679939,-37,
CCC,2014J,679959,-22,
CCC,2014J,680002,-60,
CCC,2014J,680027,-23,
CCC,2014J,680133,-57,
CCC,2014J,680145,-79,157
CCC,2014J,680187,-24,
CCC,2014J,680222,-28,12
CCC,2014J,680267,-10,
CCC,2014J,680333,,-65
CCC,2014J,680492,-79,
CCC,2014J,680602,-66,
CCC,2014J,680687,-81,
CCC,2014J,680698,-81,12
CCC,2014J,680765,-24,
CCC,2014J,680804,-23,
CCC,2014J,680890,-74,101
CCC,2014J,681165,-79,
CCC,2014J,681174,-25,
CCC,2014J,681235,-79,
CCC,2014J,681302,-20,
CCC,2014J,681335,-70,12
CCC,2014J,681642,-64,
CCC,2014J,681704,-58,-22
CCC,2014J,681731,-57,
CCC,2014J,681789,-49,-3
CCC,2014J,681844,-67,10
CCC,2014J,681966,-25,58
CCC,2014J,682041,-74,12
CCC,2014J,682212,-56,-31
CCC,2014J,682226,-46,116
CCC,2014J,682259,-28,
CCC,2014J,682301,-7,
CCC,2014J,682309,-74,153
CCC,2014J,682367,-28,
CCC,2014J,682414,-72,34
CCC,2014J,682511,-67,
CCC,2014J,682565,-20,-2
CCC,2014J,682569,-37,
CCC,2014J,682717,-38,
CCC,2014J,682738,-58,
CCC,2014J,682961,-23,
CCC,2014J,683073,-70,-61
CCC,2014J,683203,-53,3
CCC,2014J,683220,-66,18
CCC,2014J,683373,-8,
CCC,2014J,683406,-17,153
CCC,2014J,683449,-67,12
CCC,2014J,683503,-46,155
CCC,2014J,683625,-66,
CCC,2014J,683668,-38,
CCC,2014J,683777,-36,
CCC,2014J,683865,-15,
CCC,2014J,683912,-65,-19
CCC,2014J,684111,5,
CCC,2014J,684208,-22,
CCC,2014J,684270,-53,
CCC,2014J,684313,-65,12
CCC,2014J,684444,-43,
CCC,2014J,684498,-60,
CCC,2014J,684511,-60,-3
CCC,2014J,684514,-51,
CCC,2014J,684617,-60,
CCC,2014J,684643,-60,
CCC,2014J,684663,-53,
CCC,2014J,684669,-38,
CCC,2014J,684709,-46,
CCC,2014J,684905,-57,
CCC,2014J,684944,-60,-5
CCC,2014J,684990,-25,
CCC,2014J,685015,-23,6
CCC,2014J,685098,-53,
CCC,2014J,685206,-59,
CCC,2014J,685212,-49,
CCC,2014J,685236,-23,221
CCC,2014J,685287,-14,
CCC,2014J,685289,-38,
CCC,2014J,685399,-32,
CCC,2014J,685412,-23,
CCC,2014J,685458,-59,
CCC,2014J,685474,-25,158
CCC,2014J,685487,-22,
CCC,2014J,685514,-8,
CCC,2014J,685557,-36,
CCC,2014J,685572,-23,
CCC,2014J,685597,-25,
CCC,2014J,685619,-32,233
CCC,2014J,685663,-58,12
CCC,2014J,685705,-57,116
CCC,2014J,685750,-43,-2
CCC,2014J,685802,-38,12
CCC,2014J,685849,-10,
CCC,2014J,685860,-57,70
CCC,2014J,685871,-58,
CCC,2014J,685950,-16,
CCC,2014J,685952,-53,
CCC,2014J,685964,-36,
CCC,2014J,685988,-17,100
CCC,2014J,686001,-53,
CCC,2014J,686003,-29,10
CCC,2014J,686018,-38,
CCC,2014J,686034,-23,30
CCC,2014J,686058,-10,
CCC,2014J,686071,-31,-5
CCC,2014J,686110,-30,
CCC,2014J,686268,-51,
CCC,2014J,686411,-37,
CCC,2014J,686515,-36,
CCC,2014J,686558,-53,
CCC,2014J,686584,-45,
CCC,2014J,686645,-50,
CCC,2014J,686797,-53,88
CCC,2014J,686813,-51,6
CCC,2014J,686877,-45,-24
CCC,2014J,686907,-51,
CCC,2014J,686957,-2,
CCC,2014J,687023,-29,
CCC,2014J,687146,-23,-10
CCC,2014J,687160,-8,
CCC,2014J,687190,-23,
CCC,2014J,687206,-36,
CCC,2014J,687216,-43,
CCC,2014J,687283,-51,-31
CCC,2014J,687310,-17,
CCC,2014J,687319,-50,12
CCC,2014J,687345,-38,-12
CCC,2014J,687348,-43,
CCC,2014J,687686,-46,
CCC,2014J,687772,-45,
CCC,2014J,687844,-34,114
CCC,2014J,687877,5,
CCC,2014J,687953,-42,-23
CCC,2014J,687981,-22,
CCC,2014J,688028,-46,
CCC,2014J,688033,-16,
CCC,2014J,688117,-9,111
CCC,2014J,688171,-46,12
CCC,2014J,688271,-46,12
CCC,2014J,688281,-36,
CCC,2014J,688297,-46,-17
CCC,2014J,688337,-35,
CCC,2014J,688356,-46,
CCC,2014J,688521,-46,
CCC,2014J,688533,-22,156
CCC,2014J,688537,-5,
CCC,2014J,688672,-29,12
CCC,2014J,688683,-31,-3
CCC,2014J,688707,-30,
CCC,2014J,688770,-28,
CCC,2014J,688776,-45,12
CCC,2014J,688843,-36,108
CCC,2014J,689004,-23,
CCC,2014J,689042,-42,12
CCC,2014J,689050,-4,
CCC,2014J,689101,-22,
CCC,2014J,689143,-45,12
CCC,2014J,689164,-30,
CCC,2014J,689190,-36,
CCC,2014J,689217,-22,
CCC,2014J,689246,-31,
CCC,2014J,689264,-43,12
CCC,2014J,689346,-23,2
CCC,2014J,689352,-44,12
CCC,2014J,689399,-14,
CCC,2014J,689436,-23,177
CCC,2014J,689527,-23,
CCC,2014J,689637,-15,
CCC,2014J,689759,-32,
CCC,2014J,689792,-29,
CCC,2014J,689807,-32,12
CCC,2014J,689855,-25,
CCC,2014J,690046,-17,163
CCC,2014J,690062,-15,
CCC,2014J,690365,-35,
CCC,2014J,690404,-18,
CCC,2014J,690406,-37,12
CCC,2014J,690439,-23,
CCC,2014J,690507,-29,
CCC,2014J,690589,-25,
CCC,2014J,690631,-38,6
CCC,2014J,690644,-35,
CCC,2014J,690695,-23,188
CCC,2014J,690724,-38,-15
CCC,2014J,690733,-38,
CCC,2014J,690763,-37,
CCC,2014J,690948,-38,
CCC,2014J,690962,-25,109
CCC,2014J,691008,-37,12
CCC,2014J,691056,-22,3
CCC,2014J,691069,-31,
CCC,2014J,691177,-37,
CCC,2014J,691195,-34,
CCC,2014J,691218,-28,
CCC,2014J,691257,-17,80
CCC,2014J,691433,-28,
CCC,2014J,691550,-28,
CCC,2014J,691843,-23,
CCC,2014J,691926,-28,
CCC,2014J,691931,-22,
CCC,2014J,692105,-23,
CCC,2014J,692179,-9,17
CCC,2014J,692219,-34,12
CCC,2014J,692363,-23,108
CCC,2014J,692490,-23,
CCC,2014J,692500,-34,76
CCC,2014J,692603,-28,
CCC,2014J,692654,-29,
CCC,2014J,692850,-22,52
CCC,2014J,692928,-15,
CCC,2014J,692933,-30,115
CCC,2014J,693058,-9,
CCC,2014J,693111,-23,109
CCC,2014J,693141,-25,
CCC,2014J,693147,-14,6
CCC,2014J,693182,-22,
CCC,2014J,693204,-31,
CCC,2014J,693302,-29,
CCC,2014J,693340,-15,163
CCC,2014J,693456,-30,12
CCC,2014J,693747,-23,
CCC,2014J,693812,-29,12
CCC,2014J,693836,-29,-8
CCC,2014J,693910,-29,-5
CCC,2014J,693938,-25,
CCC,2014J,693998,-9,73
CCC,2014J,694103,-23,
CCC,2014J,694147,-28,12
CCC,2014J,694150,-23,27
CCC,2014J,694212,-23,215
CCC,2014J,694361,-28,-2
CCC,2014J,694362,-28,
CCC,2014J,694472,-23,
CCC,2014J,694510,-25,
CCC,2014J,694523,-23,
CCC,2014J,694536,-25,12
CCC,2014J,694563,-25,163
CCC,2014J,694579,-14,
CCC,2014J,694680,-23,
CCC,2014J,694705,-25,11
CCC,2014J,694726,-16,
CCC,2014J,694807,-18,156
CCC,2014J,694860,-23,
CCC,2014J,694871,-17,177
CCC,2014J,694914,-16,12
CCC,2014J,695122,-21,32
CCC,2014J,695232,-17,
CCC,2014J,695270,-23,
CCC,2014J,695340,-22,31
CCC,2014J,695354,-23,
CCC,2014J,695369,-21,27
CCC,2014J,695518,-23,
CCC,2014J,695643,-23,144
CCC,2014J,695653,-23,
CCC,2014J,695673,-5,
CCC,2014J,695732,-23,
CCC,2014J,695760,-23,12
CCC,2014J,695874,-9,25
CCC,2014J,695915,-23,
CCC,2014J,695946,-8,
CCC,2014J,695976,-21,-3
CCC,2014J,696019,-23,74
CCC,2014J,696234,-15,86
CCC,2014J,696253,-22,-3
CCC,2014J,696271,-10,
CCC,2014J,696324,-23,147
CCC,2014J,696357,-16,
CCC,2014J,696469,-15,
CCC,2014J,696501,-15,228
CCC,2014J,696515,-4,
CCC,2014J,696696,-20,
CCC,2014J,696833,-21,
CCC,2014J,696848,-18,52
CCC,2014J,696869,-17,
CCC,2014J,696930,-15,12
CCC,2014J,697120,-18,-5
CCC,2014J,697253,-7,193
CCC,2014J,697283,-16,12
CCC,2014J,697460,-7,
CCC,2014J,697490,-17,12
CCC,2014J,697511,-17,7
CCC,2014J,697554,-17,-4
CCC,2014J,697567,-15,
CCC,2014J,697948,-15,33
CCC,2014J,697998,-14,210
CCC,2014J,698002,-16,
CCC,2014J,698024,-8,
CCC,2014J,698112,-15,12
CCC,2014J,698299,-13,
CCC,2014J,698355,-7,
CCC,2014J,698359,-7,
CCC,2014J,698598,-14,156
CCC,2014J,699370,-9,
CCC,2014J,857856,-53,47
CCC,2014J,921739,-17,80
CCC,2014J,941282,-22,
CCC,2014J,943374,-123,
CCC,2014J,973526,-28,201
CCC,2014J,986561,-148,
CCC,2014J,1023623,-22,
CCC,2014J,1031884,-30,
CCC,2014J,1068316,-92,
CCC,2014J,1076015,-22,
CCC,2014J,1078701,-41,
CCC,2014J,1091274,-18,
CCC,2014J,1101190,-32,
CCC,2014J,1118218,-42,12
CCC,2014J,1301103,-23,
CCC,2014J,1307784,-149,
CCC,2014J,1332356,-122,
CCC,2014J,1332514,-23,178
CCC,2014J,1340760,-23,156
CCC,2014J,1345808,-46,189
CCC,2014J,1352733,-144,
CCC,2014J,1360953,-34,
CCC,2014J,1407549,-113,-1
CCC,2014J,1425806,-126,-121
CCC,2014J,1439723,-149,159
CCC,2014J,1442981,-36,
CCC,2014J,1449245,-44,
CCC,2014J,1461795,-45,
CCC,2014J,1468838,-84,84
CCC,2014J,1474903,-44,
CCC,2014J,1478030,-59,
CCC,2014J,1478775,-81,
CCC,2014J,1483632,-28,
CCC,2014J,1485702,-17,
CCC,2014J,1490624,-73,
CCC,2014J,1491894,-23,52
CCC,2014J,1501577,-79,
CCC,2014J,1501614,-25,
CCC,2014J,1529458,-46,10
CCC,2014J,1532840,-22,12
CCC,2014J,1552044,-18,
CCC,2014J,1554143,-50,139
CCC,2014J,1559964,-119,-11
CCC,2014J,1561750,-22,
CCC,2014J,1564630,-74,
CCC,2014J,1583847,-31,115
CCC,2014J,1592048,-156,
CCC,2014J,1593442,-18,
CCC,2014J,1612600,-133,60
CCC,2014J,1634278,-123,172
CCC,2014J,1638548,-126,-4
CCC,2014J,1639743,-154,-17
CCC,2014J,1646172,-45,
CCC,2014J,1656486,-105,158
CCC,2014J,1658963,-122,
CCC,2014J,1671022,-34,
CCC,2014J,1674799,-21,
CCC,2014J,1681946,-22,142
CCC,2014J,1692156,-146,
CCC,2014J,1719166,-31,4
CCC,2014J,1738582,-74,
CCC,2014J,1744800,-18,81
CCC,2014J,1752098,-86,
CCC,2014J,1752813,-29,
CCC,2014J,1773925,-18,
CCC,2014J,1777834,,
CCC,2014J,1808622,-135,
CCC,2014J,1810414,-21,
CCC,2014J,1817515,-114,
CCC,2014J,1826819,-38,
CCC,2014J,1828753,-29,
CCC,2014J,1829051,-155,-94
CCC,2014J,1841267,-25,144
CCC,2014J,1841850,-74,16
CCC,2014J,1848820,-71,
CCC,2014J,1850818,-84,69
CCC,2014J,1851108,-1,
CCC,2014J,1864086,-36,99
CCC,2014J,1874160,-106,
CCC,2014J,1881041,-46,-35
CCC,2014J,1896088,-22,
CCC,2014J,1897054,-22,
CCC,2014J,1902240,-91,
CCC,2014J,1906003,-123,
CCC,2014J,1915824,-22,
CCC,2014J,1916140,-155,69
CCC,2014J,1930949,-9,12
CCC,2014J,1936285,-7,
CCC,2014J,1937511,-85,-48
CCC,2014J,1942491,-128,
CCC,2014J,1942870,-78,
CCC,2014J,1945240,-126,142
CCC,2014J,1958121,-36,
CCC,2014J,1960479,-44,
CCC,2014J,1961938,2,
CCC,2014J,1966597,-71,237
CCC,2014J,1976004,-84,-8
CCC,2014J,1982166,-60,
CCC,2014J,1986081,-28,72
CCC,2014J,1991399,-37,
CCC,2014J,1994385,-119,30
CCC,2014J,2009279,-17,24
CCC,2014J,2013403,-60,
CCC,2014J,2020916,-36,
CCC,2014J,2026585,-30,
CCC,2014J,2030117,-107,
CCC,2014J,2030241,-32,-22
CCC,2014J,2032057,-4,60
CCC,2014J,2039190,-156,-52
CCC,2014J,2041743,-22,-5
CCC,2014J,2044299,-121,109
CCC,2014J,2050179,-37,
CCC,2014J,2063436,-65,4
CCC,2014J,2067377,-29,
CCC,2014J,2070517,-77,
CCC,2014J,2078353,-25,
CCC,2014J,2083701,-85,
CCC,2014J,2084711,-114,
CCC,2014J,2091230,-52,
CCC,2014J,2093150,-79,
CCC,2014J,2094849,-31,61
CCC,2014J,2096918,-147,
CCC,2014J,2101566,-17,59
CCC,2014J,2112670,-140,158
CCC,2014J,2127889,-43,
CCC,2014J,2133234,-73,69
CCC,2014J,2137171,-74,
CCC,2014J,2138146,-21,13
CCC,2014J,2138904,-25,9
CCC,2014J,2139273,-22,116
CCC,2014J,2142055,-22,
CCC,2014J,2142516,-50,
CCC,2014J,2147889,-50,15
CCC,2014J,2149324,-155,12
CCC,2014J,2154220,-41,158
CCC,2014J,2159868,-34,
CCC,2014J,2166000,-128,139
CCC,2014J,2172136,-70,
CCC,2014J,2178686,-142,
CCC,2014J,2179304,-155,165
CCC,2014J,2182333,-60,11
CCC,2014J,2202076,-150,39
CCC,2014J,2216442,-23,24
CCC,2014J,2230407,-95,102
CCC,2014J,2242383,-50,25
CCC,2014J,2244214,-46,34
CCC,2014J,2252437,-64,156
CCC,2014J,2257112,-16,
CCC,2014J,2257740,-38,
CCC,2014J,2268049,-46,163
CCC,2014J,2274929,-15,32
CCC,2014J,2277009,-135,
CCC,2014J,2285527,-35,
CCC,2014J,2289145,-25,
CCC,2014J,2297770,-79,12
CCC,2014J,2316201,-91,
CCC,2014J,2326041,-22,240
CCC,2014J,2327472,-38,
CCC,2014J,2333156,-23,
CCC,2014J,2338535,-38,60
CCC,2014J,2339333,-35,
CCC,2014J,2340786,-115,
CCC,2014J,2345751,-154,
CCC,2014J,2358258,-21,
CCC,2014J,2358707,-72,94
CCC,2014J,2361633,-129,
CCC,2014J,2366117,-28,
CCC,2014J,2367058,-112,73
CCC,2014J,2372788,-107,12
CCC,2014J,2373648,-119,54
CCC,2014J,2376512,-23,
CCC,2014J,2376717,-109,9
CCC,2014J,2377769,-112,-10
CCC,2014J,2383983,-63,
CCC,2014J,2384666,-121,107
CCC,2014J,2388623,-107,
CCC,2014J,2393945,-120,
CCC,2014J,2394090,-78,
CCC,2014J,2396985,-35,
CCC,2014J,2405801,-23,38
CCC,2014J,2405934,-49,
CCC,2014J,2410609,-102,
CCC,2014J,2413037,-114,167
CCC,2014J,2415526,-31,
CCC,2014J,2421961,-31,
CCC,2014J,2422258,-107,-99
CCC,2014J,2424697,-65,12
CCC,2014J,2434666,-22,
CCC,2014J,2437591,-67,34
CCC,2014J,2439239,-113,72
CCC,2014J,2451523,-77,
CCC,2014J,2454119,-25,32
CCC,2014J,2458925,-63,
CCC,2014J,2462607,-79,
CCC,2014J,2462628,-74,152
CCC,2014J,2462862,-30,167
CCC,2014J,2464118,-81,
CCC,2014J,2464386,-81,
CCC,2014J,2469688,-149,
CCC,2014J,2470326,-16,
CCC,2014J,2472995,-28,
CCC,2014J,2473058,-23,164
CCC,2014J,2480654,-25,9
CCC,2014J,2483382,-22,143
CCC,2014J,2485655,-85,16
CCC,2014J,2499779,-23,
CCC,2014J,2500064,-84,
CCC,2014J,2502882,-155,-12
CCC,2014J,2504694,-52,
CCC,2014J,2517389,-25,
CCC,2014J,2520539,-38,
CCC,2014J,2522932,-28,
CCC,2014J,2533650,-14,
CCC,2014J,2552412,-123,
CCC,2014J,2554973,-98,67
CCC,2014J,2555596,-23,237
CCC,2014J,2557563,-78,
CCC,2014J,2558071,-94,
CCC,2014J,2559144,-52,
CCC,2014J,2561862,-115,18
CCC,2014J,2564333,-21,94
CCC,2014J,2574909,-18,118
CCC,2014J,2578004,-22,69
CCC,2014J,2585270,-98,10
CCC,2014J,2588294,-23,69
CCC,2014J,2590948,-31,
CCC,2014J,2593689,-32,
CCC,2014J,2593755,-44,
CCC,2014J,2593920,-137,
CCC,2014J,2595204,-46,
CCC,2014J,2595526,-113,12
CCC,2014J,2596553,-128,191
CCC,2014J,2598631,-16,
CCC,2014J,2598961,-141,
CCC,2014J,2599883,-95,
CCC,2014J,2609069,-15,218
CCC,2014J,2612725,-135,24
CCC,2014J,2613225,-29,47
CCC,2014J,2613746,-14,178
CCC,2014J,2614093,-38,
CCC,2014J,2619025,-78,
CCC,2014J,2619472,-126,-68
CCC,2014J,2620661,-99,
CCC,2014J,2622441,-67,
CCC,2014J,2622627,-29,122
CCC,2014J,2623427,-85,
CCC,2014J,2627491,-155,187
CCC,2014J,2630469,-35,34
CCC,2014J,2633981,-106,-5
CCC,2014J,2637000,-58,48
CCC,2014J,2637912,-70,
CCC,2014J,2647893,-25,
CCC,2014J,2650741,-150,
CCC,2014J,2655763,-4,
CCC,2014J,2658314,-106,
CCC,2014J,2668106,-115,
CCC,2014J,2672114,-73,-57
CCC,2014J,2677097,-91,-1
CCC,2014J,2681198,-94,142
CCC,2014J,2686712,-15,
CCC,2014J,2689013,-17,128
CCC,2014J,2691267,-109,
CCC,2014J,2691861,-42,